,accuracy,nstate_D1
iqr,-0.343216719443798,0.14425009932024188
prediction,-0.10954483533280851,0.4037654319498089
