,nstate_D1,hmmscore_D1
prediction,0.4037654319498089,0.36395678002546306
confidence,-0.4864588483713929,-0.535712826170113
