,BPI Severity,BPI Interference,PCS total,PCS Rumination,PCS Magnification,PCS Helplessness
nstate_D1,0.19474144583304548,0.2652058863360622,0.3382253550417511,0.2629791787548053,0.3239824874781271,0.36978032834339836
hmmscore_D1,0.13158570667030242,0.15367604347250396,0.18689571231838692,0.11476184483134355,0.16072353454824406,0.2374686572349411
