,prediction,accuracy
mean,0.8927686065625222,0.04246452068424836
std,-0.08608292309949332,-0.4288775497120725
cv,-0.5373816293212482,-0.3184554408162131
