,accuracy,nstate_D1
iqr,0.06833397178897417,0.4553300553945229
prediction,0.5716146909713092,0.029845428540968947
