,nstate_D1,hmmscore_D1
prediction,0.029845428540968947,0.05226922320983879
confidence,0.007454475228690438,0.0027442297674929827
