,BPI Severity,BPI Interference,PCS total,PCS Rumination,PCS Magnification,PCS Helplessness
cv,0.009806407378545911,0.013980576439151819,0.19284763077258854,0.497452489650556,0.17791685629091208,0.09896136682110862
iqr,0.276201480192852,0.052914900503093554,0.010418996284235238,0.03550626810699873,0.02961719930321972,0.004577898732430482
prediction,7.877293549882522e-08,9.246814042502583e-06,0.005014793733201857,0.04725867587812914,0.026376701496648516,0.0004680936742916505
