,prediction,accuracy
mean,7.549579738552351e-11,0.8268698041883472
std,0.6570387529665287,0.020262551381727282
cv,0.002645848167885601,0.09224820326227676
